[
    {
        "piada": "O que o pato disse para a pata?",
        "resposta": "Vem Quá!"
    },
    {
        "piada": "Porque o menino estava falando no telefone deitado?",
        "resposta": "Para não cair a ligação"
    },
    {
        "piada": "Qual é a fórmula da água benta?",
        "resposta": "H Deus O!"
    },
    {
        "piada": "Qual a cidade brasileira que não tem táxi?",
        "resposta": "Uberlândia"
    },
    {
        "piada": "Porque o jacaré tirou o filho da escola?",
        "resposta": "Porque ele réptil de ano"
    },
    {
        "piada": "Porque o Batman colocou o bat-móvel no seguro?",
        "resposta": "Porque ele tem medo que Robin! (Roubem)"
    },
    {
        "piada": "Qual é o alimento mais sagrado que existe?",
        "resposta": "O amém doim"
    },
    {
        "piada": "Por que o policial não usa sabão?",
        "resposta": "Porque ele prefere deter gente"
    },
    {
        "piada": "Qual a fruta que anda de trem?",
        "resposta": "O kiwiiiii"
    },
    {
        "piada": "Qual é a galinha que cai no chão e surta?",
        "resposta": "A galinha cai-i-pira"
    }
]